,IMG No.,Prediction,Actual Value,Right,Wrong,%,M1Right,M1Wrong,M1%,M2Right,M2Wrong,M2%,M3Right,M3Wrong,M3%,M1-3Right,M1-3Wrong,M1-3%,M4-7Right,M4-7Wrong,M4-7%
0,14,1,0,5205.0,1295.0,80.07692307692308,6426.0,74.0,98.86153846153846,6500.0,0.0,100.0,6408.0,92.0,98.58461538461538,6334.0,166.0,97.44615384615385,5371.0,1129.0,82.63076923076923
1,26,0,3,,,,,,,,,,,,,,,,,,
2,27,7,0,,,,,,,,,,,,,,,,,,
3,30,1,0,,,,,,,,,,,,,,,,,,
4,31,0,1,,,,,,,,,,,,,,,,,,
5,32,8,0,,,,,,,,,,,,,,,,,,
6,46,1,8,,,,,,,,,,,,,,,,,,
7,47,8,6,,,,,,,,,,,,,,,,,,
8,50,0,3,,,,,,,,,,,,,,,,,,
9,51,2,5,,,,,,,,,,,,,,,,,,
10,52,0,5,,,,,,,,,,,,,,,,,,
11,59,0,2,,,,,,,,,,,,,,,,,,
12,64,4,0,,,,,,,,,,,,,,,,,,
13,68,0,1,,,,,,,,,,,,,,,,,,
14,69,0,6,,,,,,,,,,,,,,,,,,
15,70,0,6,,,,,,,,,,,,,,,,,,
16,71,0,6,,,,,,,,,,,,,,,,,,
17,72,0,5,,,,,,,,,,,,,,,,,,
18,73,0,3,,,,,,,,,,,,,,,,,,
19,74,0,6,,,,,,,,,,,,,,,,,,
20,86,4,0,,,,,,,,,,,,,,,,,,
21,90,7,0,,,,,,,,,,,,,,,,,,
22,96,1,0,,,,,,,,,,,,,,,,,,
23,204,0,1,,,,,,,,,,,,,,,,,,
24,206,7,0,,,,,,,,,,,,,,,,,,
25,217,0,1,,,,,,,,,,,,,,,,,,
26,219,7,0,,,,,,,,,,,,,,,,,,
27,221,0,1,,,,,,,,,,,,,,,,,,
28,222,7,2,,,,,,,,,,,,,,,,,,
29,225,0,2,,,,,,,,,,,,,,,,,,
30,229,0,3,,,,,,,,,,,,,,,,,,
31,233,0,2,,,,,,,,,,,,,,,,,,
32,234,0,2,,,,,,,,,,,,,,,,,,
33,235,0,2,,,,,,,,,,,,,,,,,,
34,236,0,3,,,,,,,,,,,,,,,,,,
35,237,0,3,,,,,,,,,,,,,,,,,,
36,238,0,5,,,,,,,,,,,,,,,,,,
37,239,1,2,,,,,,,,,,,,,,,,,,
38,240,0,2,,,,,,,,,,,,,,,,,,
39,241,0,1,,,,,,,,,,,,,,,,,,
40,242,2,0,,,,,,,,,,,,,,,,,,
41,244,0,1,,,,,,,,,,,,,,,,,,
42,251,1,0,,,,,,,,,,,,,,,,,,
43,259,0,1,,,,,,,,,,,,,,,,,,
44,260,0,1,,,,,,,,,,,,,,,,,,
45,261,0,1,,,,,,,,,,,,,,,,,,
46,262,0,1,,,,,,,,,,,,,,,,,,
47,263,0,1,,,,,,,,,,,,,,,,,,
48,264,0,2,,,,,,,,,,,,,,,,,,
49,265,0,2,,,,,,,,,,,,,,,,,,
50,266,4,1,,,,,,,,,,,,,,,,,,
51,267,4,1,,,,,,,,,,,,,,,,,,
52,268,4,7,,,,,,,,,,,,,,,,,,
53,269,7,4,,,,,,,,,,,,,,,,,,
54,270,5,3,,,,,,,,,,,,,,,,,,
55,271,0,6,,,,,,,,,,,,,,,,,,
56,272,0,7,,,,,,,,,,,,,,,,,,
57,273,0,4,,,,,,,,,,,,,,,,,,
58,274,0,2,,,,,,,,,,,,,,,,,,
59,275,4,0,,,,,,,,,,,,,,,,,,
60,277,0,6,,,,,,,,,,,,,,,,,,
61,278,0,4,,,,,,,,,,,,,,,,,,
62,279,0,2,,,,,,,,,,,,,,,,,,
63,280,1,2,,,,,,,,,,,,,,,,,,
64,281,0,2,,,,,,,,,,,,,,,,,,
65,282,2,3,,,,,,,,,,,,,,,,,,
66,283,7,3,,,,,,,,,,,,,,,,,,
67,284,7,5,,,,,,,,,,,,,,,,,,
68,285,0,4,,,,,,,,,,,,,,,,,,
69,286,0,6,,,,,,,,,,,,,,,,,,
70,287,0,3,,,,,,,,,,,,,,,,,,
71,288,4,7,,,,,,,,,,,,,,,,,,
72,289,8,5,,,,,,,,,,,,,,,,,,
73,290,8,7,,,,,,,,,,,,,,,,,,
74,291,0,8,,,,,,,,,,,,,,,,,,
75,293,0,8,,,,,,,,,,,,,,,,,,
76,294,7,0,,,,,,,,,,,,,,,,,,
77,401,4,0,,,,,,,,,,,,,,,,,,
78,402,4,0,,,,,,,,,,,,,,,,,,
79,421,0,4,,,,,,,,,,,,,,,,,,
80,422,0,1,,,,,,,,,,,,,,,,,,
81,423,0,1,,,,,,,,,,,,,,,,,,
82,424,0,2,,,,,,,,,,,,,,,,,,
83,425,0,1,,,,,,,,,,,,,,,,,,
84,426,0,2,,,,,,,,,,,,,,,,,,
85,427,0,1,,,,,,,,,,,,,,,,,,
86,428,0,1,,,,,,,,,,,,,,,,,,
87,430,0,1,,,,,,,,,,,,,,,,,,
88,431,0,1,,,,,,,,,,,,,,,,,,
89,433,0,1,,,,,,,,,,,,,,,,,,
90,434,0,1,,,,,,,,,,,,,,,,,,
91,435,0,2,,,,,,,,,,,,,,,,,,
92,436,0,2,,,,,,,,,,,,,,,,,,
93,437,0,4,,,,,,,,,,,,,,,,,,
94,438,0,7,,,,,,,,,,,,,,,,,,
95,439,0,3,,,,,,,,,,,,,,,,,,
96,440,0,6,,,,,,,,,,,,,,,,,,
97,441,5,2,,,,,,,,,,,,,,,,,,
98,442,0,2,,,,,,,,,,,,,,,,,,
99,443,7,2,,,,,,,,,,,,,,,,,,
100,444,7,2,,,,,,,,,,,,,,,,,,
101,445,0,2,,,,,,,,,,,,,,,,,,
102,446,0,2,,,,,,,,,,,,,,,,,,
103,447,0,1,,,,,,,,,,,,,,,,,,
104,450,0,2,,,,,,,,,,,,,,,,,,
105,452,7,2,,,,,,,,,,,,,,,,,,
106,453,0,2,,,,,,,,,,,,,,,,,,
107,455,2,0,,,,,,,,,,,,,,,,,,
108,456,0,1,,,,,,,,,,,,,,,,,,
109,457,2,1,,,,,,,,,,,,,,,,,,
110,458,0,1,,,,,,,,,,,,,,,,,,
111,459,0,2,,,,,,,,,,,,,,,,,,
112,460,0,6,,,,,,,,,,,,,,,,,,
113,461,0,1,,,,,,,,,,,,,,,,,,
114,462,0,2,,,,,,,,,,,,,,,,,,
115,463,0,1,,,,,,,,,,,,,,,,,,
116,467,1,0,,,,,,,,,,,,,,,,,,
117,476,4,0,,,,,,,,,,,,,,,,,,
118,482,8,0,,,,,,,,,,,,,,,,,,
119,488,0,4,,,,,,,,,,,,,,,,,,
120,489,7,1,,,,,,,,,,,,,,,,,,
121,490,0,2,,,,,,,,,,,,,,,,,,
122,492,0,2,,,,,,,,,,,,,,,,,,
123,494,0,1,,,,,,,,,,,,,,,,,,
124,495,0,4,,,,,,,,,,,,,,,,,,
125,496,0,5,,,,,,,,,,,,,,,,,,
126,497,0,5,,,,,,,,,,,,,,,,,,
127,498,0,5,,,,,,,,,,,,,,,,,,
128,499,8,2,,,,,,,,,,,,,,,,,,
129,601,0,5,,,,,,,,,,,,,,,,,,
130,610,0,7,,,,,,,,,,,,,,,,,,
131,611,0,6,,,,,,,,,,,,,,,,,,
132,612,0,8,,,,,,,,,,,,,,,,,,
133,613,0,8,,,,,,,,,,,,,,,,,,
134,614,0,8,,,,,,,,,,,,,,,,,,
135,615,0,8,,,,,,,,,,,,,,,,,,
136,621,1,0,,,,,,,,,,,,,,,,,,
137,622,6,0,,,,,,,,,,,,,,,,,,
138,630,2,0,,,,,,,,,,,,,,,,,,
139,632,1,0,,,,,,,,,,,,,,,,,,
140,633,2,0,,,,,,,,,,,,,,,,,,
141,660,0,5,,,,,,,,,,,,,,,,,,
142,661,6,5,,,,,,,,,,,,,,,,,,
143,662,0,6,,,,,,,,,,,,,,,,,,
144,665,0,7,,,,,,,,,,,,,,,,,,
145,666,7,0,,,,,,,,,,,,,,,,,,
146,667,0,2,,,,,,,,,,,,,,,,,,
147,669,0,7,,,,,,,,,,,,,,,,,,
148,670,0,4,,,,,,,,,,,,,,,,,,
149,672,0,1,,,,,,,,,,,,,,,,,,
150,673,0,1,,,,,,,,,,,,,,,,,,
151,679,0,2,,,,,,,,,,,,,,,,,,
152,680,0,3,,,,,,,,,,,,,,,,,,
153,681,0,3,,,,,,,,,,,,,,,,,,
154,682,0,2,,,,,,,,,,,,,,,,,,
155,685,1,6,,,,,,,,,,,,,,,,,,
156,686,0,3,,,,,,,,,,,,,,,,,,
157,687,0,2,,,,,,,,,,,,,,,,,,
158,688,0,4,,,,,,,,,,,,,,,,,,
159,689,0,2,,,,,,,,,,,,,,,,,,
160,690,0,5,,,,,,,,,,,,,,,,,,
161,691,2,7,,,,,,,,,,,,,,,,,,
162,692,0,8,,,,,,,,,,,,,,,,,,
163,693,8,7,,,,,,,,,,,,,,,,,,
164,696,1,0,,,,,,,,,,,,,,,,,,
165,697,1,0,,,,,,,,,,,,,,,,,,
166,801,1,0,,,,,,,,,,,,,,,,,,
167,806,0,3,,,,,,,,,,,,,,,,,,
168,807,0,4,,,,,,,,,,,,,,,,,,
169,808,0,6,,,,,,,,,,,,,,,,,,
170,809,0,1,,,,,,,,,,,,,,,,,,
171,820,3,0,,,,,,,,,,,,,,,,,,
172,821,3,0,,,,,,,,,,,,,,,,,,
173,823,3,0,,,,,,,,,,,,,,,,,,
174,826,2,0,,,,,,,,,,,,,,,,,,
175,828,4,0,,,,,,,,,,,,,,,,,,
176,835,3,0,,,,,,,,,,,,,,,,,,
177,836,3,0,,,,,,,,,,,,,,,,,,
178,837,3,0,,,,,,,,,,,,,,,,,,
179,855,0,1,,,,,,,,,,,,,,,,,,
180,857,0,1,,,,,,,,,,,,,,,,,,
181,863,0,2,,,,,,,,,,,,,,,,,,
182,864,0,2,,,,,,,,,,,,,,,,,,
183,865,0,3,,,,,,,,,,,,,,,,,,
184,866,0,5,,,,,,,,,,,,,,,,,,
185,867,0,5,,,,,,,,,,,,,,,,,,
186,868,0,8,,,,,,,,,,,,,,,,,,
187,869,8,0,,,,,,,,,,,,,,,,,,
188,870,5,3,,,,,,,,,,,,,,,,,,
189,878,0,5,,,,,,,,,,,,,,,,,,
190,880,3,1,,,,,,,,,,,,,,,,,,
191,881,0,3,,,,,,,,,,,,,,,,,,
192,882,0,5,,,,,,,,,,,,,,,,,,
193,883,2,1,,,,,,,,,,,,,,,,,,
194,885,0,1,,,,,,,,,,,,,,,,,,
195,887,0,3,,,,,,,,,,,,,,,,,,
196,888,0,1,,,,,,,,,,,,,,,,,,
197,889,0,3,,,,,,,,,,,,,,,,,,
198,890,0,6,,,,,,,,,,,,,,,,,,
199,891,0,2,,,,,,,,,,,,,,,,,,
200,892,7,0,,,,,,,,,,,,,,,,,,
201,896,0,3,,,,,,,,,,,,,,,,,,
202,899,1,0,,,,,,,,,,,,,,,,,,
203,1000,2,0,,,,,,,,,,,,,,,,,,
204,1001,7,0,,,,,,,,,,,,,,,,,,
205,1010,3,0,,,,,,,,,,,,,,,,,,
206,1012,0,3,,,,,,,,,,,,,,,,,,
207,1013,0,1,,,,,,,,,,,,,,,,,,
208,1014,3,0,,,,,,,,,,,,,,,,,,
209,1015,3,0,,,,,,,,,,,,,,,,,,
210,1018,0,7,,,,,,,,,,,,,,,,,,
211,1019,0,3,,,,,,,,,,,,,,,,,,
212,1020,0,3,,,,,,,,,,,,,,,,,,
213,1021,0,3,,,,,,,,,,,,,,,,,,
214,1022,0,4,,,,,,,,,,,,,,,,,,
215,1023,0,4,,,,,,,,,,,,,,,,,,
216,1024,0,3,,,,,,,,,,,,,,,,,,
217,1025,0,3,,,,,,,,,,,,,,,,,,
218,1026,0,1,,,,,,,,,,,,,,,,,,
219,1028,0,1,,,,,,,,,,,,,,,,,,
220,1029,0,1,,,,,,,,,,,,,,,,,,
221,1031,0,1,,,,,,,,,,,,,,,,,,
222,1042,2,0,,,,,,,,,,,,,,,,,,
223,1043,3,0,,,,,,,,,,,,,,,,,,
224,1045,3,0,,,,,,,,,,,,,,,,,,
225,1052,0,3,,,,,,,,,,,,,,,,,,
226,1063,1,0,,,,,,,,,,,,,,,,,,
227,1067,5,0,,,,,,,,,,,,,,,,,,
228,1068,0,2,,,,,,,,,,,,,,,,,,
229,1069,4,2,,,,,,,,,,,,,,,,,,
230,1070,0,2,,,,,,,,,,,,,,,,,,
231,1071,0,4,,,,,,,,,,,,,,,,,,
232,1072,2,4,,,,,,,,,,,,,,,,,,
233,1073,0,7,,,,,,,,,,,,,,,,,,
234,1074,0,3,,,,,,,,,,,,,,,,,,
235,1075,0,3,,,,,,,,,,,,,,,,,,
236,1079,0,1,,,,,,,,,,,,,,,,,,
237,1080,0,2,,,,,,,,,,,,,,,,,,
238,1081,0,1,,,,,,,,,,,,,,,,,,
239,1083,0,1,,,,,,,,,,,,,,,,,,
240,1084,0,8,,,,,,,,,,,,,,,,,,
241,1085,0,6,,,,,,,,,,,,,,,,,,
242,1093,0,2,,,,,,,,,,,,,,,,,,
243,1094,7,3,,,,,,,,,,,,,,,,,,
244,1095,0,3,,,,,,,,,,,,,,,,,,
245,1096,0,2,,,,,,,,,,,,,,,,,,
246,1097,0,3,,,,,,,,,,,,,,,,,,
247,1098,0,3,,,,,,,,,,,,,,,,,,
248,1099,4,6,,,,,,,,,,,,,,,,,,
249,1202,0,4,,,,,,,,,,,,,,,,,,
250,1203,0,7,,,,,,,,,,,,,,,,,,
251,1204,4,8,,,,,,,,,,,,,,,,,,
252,1207,0,2,,,,,,,,,,,,,,,,,,
253,1221,1,0,,,,,,,,,,,,,,,,,,
254,1223,0,8,,,,,,,,,,,,,,,,,,
255,1224,0,8,,,,,,,,,,,,,,,,,,
256,1225,0,8,,,,,,,,,,,,,,,,,,
257,1226,0,6,,,,,,,,,,,,,,,,,,
258,1227,2,7,,,,,,,,,,,,,,,,,,
259,1228,0,3,,,,,,,,,,,,,,,,,,
260,1229,0,6,,,,,,,,,,,,,,,,,,
261,1230,4,7,,,,,,,,,,,,,,,,,,
262,1231,0,6,,,,,,,,,,,,,,,,,,
263,1232,0,3,,,,,,,,,,,,,,,,,,
264,1233,6,0,,,,,,,,,,,,,,,,,,
265,1235,0,7,,,,,,,,,,,,,,,,,,
266,1236,0,8,,,,,,,,,,,,,,,,,,
267,1237,0,7,,,,,,,,,,,,,,,,,,
268,1238,4,8,,,,,,,,,,,,,,,,,,
269,1240,0,5,,,,,,,,,,,,,,,,,,
270,1241,6,3,,,,,,,,,,,,,,,,,,
271,1242,0,3,,,,,,,,,,,,,,,,,,
272,1243,0,1,,,,,,,,,,,,,,,,,,
273,1244,1,0,,,,,,,,,,,,,,,,,,
274,1247,0,6,,,,,,,,,,,,,,,,,,
275,1251,2,0,,,,,,,,,,,,,,,,,,
276,1252,0,1,,,,,,,,,,,,,,,,,,
277,1253,0,3,,,,,,,,,,,,,,,,,,
278,1254,0,8,,,,,,,,,,,,,,,,,,
279,1258,0,1,,,,,,,,,,,,,,,,,,
280,1260,1,8,,,,,,,,,,,,,,,,,,
281,1261,0,7,,,,,,,,,,,,,,,,,,
282,1262,0,6,,,,,,,,,,,,,,,,,,
283,1263,0,3,,,,,,,,,,,,,,,,,,
284,1264,0,5,,,,,,,,,,,,,,,,,,
285,1265,0,4,,,,,,,,,,,,,,,,,,
286,1266,0,4,,,,,,,,,,,,,,,,,,
287,1267,0,4,,,,,,,,,,,,,,,,,,
288,1268,0,4,,,,,,,,,,,,,,,,,,
289,1282,0,3,,,,,,,,,,,,,,,,,,
290,1283,0,4,,,,,,,,,,,,,,,,,,
291,1284,0,8,,,,,,,,,,,,,,,,,,
292,1285,0,8,,,,,,,,,,,,,,,,,,
293,1286,0,6,,,,,,,,,,,,,,,,,,
294,1289,3,1,,,,,,,,,,,,,,,,,,
295,1291,0,5,,,,,,,,,,,,,,,,,,
296,1292,0,6,,,,,,,,,,,,,,,,,,
297,1293,0,1,,,,,,,,,,,,,,,,,,
298,1297,0,8,,,,,,,,,,,,,,,,,,
299,1298,0,8,,,,,,,,,,,,,,,,,,
300,1299,0,1,,,,,,,,,,,,,,,,,,
301,1401,2,0,,,,,,,,,,,,,,,,,,
302,1402,2,0,,,,,,,,,,,,,,,,,,
303,1403,2,0,,,,,,,,,,,,,,,,,,
304,1404,2,0,,,,,,,,,,,,,,,,,,
305,1412,2,0,,,,,,,,,,,,,,,,,,
306,1415,5,0,,,,,,,,,,,,,,,,,,
307,1423,5,0,,,,,,,,,,,,,,,,,,
308,1425,0,3,,,,,,,,,,,,,,,,,,
309,1427,0,4,,,,,,,,,,,,,,,,,,
310,1428,0,5,,,,,,,,,,,,,,,,,,
311,1441,0,2,,,,,,,,,,,,,,,,,,
312,1442,2,6,,,,,,,,,,,,,,,,,,
313,1443,0,6,,,,,,,,,,,,,,,,,,
314,1444,0,4,,,,,,,,,,,,,,,,,,
315,1445,0,1,,,,,,,,,,,,,,,,,,
316,1446,6,2,,,,,,,,,,,,,,,,,,
317,1447,0,1,,,,,,,,,,,,,,,,,,
318,1448,0,1,,,,,,,,,,,,,,,,,,
319,1449,0,3,,,,,,,,,,,,,,,,,,
320,1452,0,4,,,,,,,,,,,,,,,,,,
321,1453,0,7,,,,,,,,,,,,,,,,,,
322,1454,0,6,,,,,,,,,,,,,,,,,,
323,1455,0,5,,,,,,,,,,,,,,,,,,
324,1456,0,2,,,,,,,,,,,,,,,,,,
325,1457,0,1,,,,,,,,,,,,,,,,,,
326,1458,0,1,,,,,,,,,,,,,,,,,,
327,1461,1,2,,,,,,,,,,,,,,,,,,
328,1462,2,3,,,,,,,,,,,,,,,,,,
329,1470,0,4,,,,,,,,,,,,,,,,,,
330,1471,2,3,,,,,,,,,,,,,,,,,,
331,1472,0,8,,,,,,,,,,,,,,,,,,
332,1473,0,5,,,,,,,,,,,,,,,,,,
333,1476,0,4,,,,,,,,,,,,,,,,,,
334,1477,0,5,,,,,,,,,,,,,,,,,,
335,1478,0,7,,,,,,,,,,,,,,,,,,
336,1479,1,6,,,,,,,,,,,,,,,,,,
337,1481,0,4,,,,,,,,,,,,,,,,,,
338,1482,6,7,,,,,,,,,,,,,,,,,,
339,1483,6,0,,,,,,,,,,,,,,,,,,
340,1488,0,3,,,,,,,,,,,,,,,,,,
341,1489,0,1,,,,,,,,,,,,,,,,,,
342,1490,0,1,,,,,,,,,,,,,,,,,,
343,1493,0,3,,,,,,,,,,,,,,,,,,
344,1494,0,3,,,,,,,,,,,,,,,,,,
345,1498,0,3,,,,,,,,,,,,,,,,,,
346,1499,0,2,,,,,,,,,,,,,,,,,,
347,1601,1,0,,,,,,,,,,,,,,,,,,
348,1602,0,2,,,,,,,,,,,,,,,,,,
349,1603,0,7,,,,,,,,,,,,,,,,,,
350,1604,0,4,,,,,,,,,,,,,,,,,,
351,1605,0,6,,,,,,,,,,,,,,,,,,
352,1606,0,7,,,,,,,,,,,,,,,,,,
353,1616,0,1,,,,,,,,,,,,,,,,,,
354,1633,0,2,,,,,,,,,,,,,,,,,,
355,1634,0,2,,,,,,,,,,,,,,,,,,
356,1635,0,2,,,,,,,,,,,,,,,,,,
357,1636,0,3,,,,,,,,,,,,,,,,,,
358,1637,0,2,,,,,,,,,,,,,,,,,,
359,1638,0,2,,,,,,,,,,,,,,,,,,
360,1639,0,2,,,,,,,,,,,,,,,,,,
361,1640,0,2,,,,,,,,,,,,,,,,,,
362,1641,0,1,,,,,,,,,,,,,,,,,,
363,1642,0,2,,,,,,,,,,,,,,,,,,
364,1645,0,2,,,,,,,,,,,,,,,,,,
365,1646,0,2,,,,,,,,,,,,,,,,,,
366,1647,0,2,,,,,,,,,,,,,,,,,,
367,1649,2,1,,,,,,,,,,,,,,,,,,
368,1650,0,1,,,,,,,,,,,,,,,,,,
369,1653,0,2,,,,,,,,,,,,,,,,,,
370,1654,2,1,,,,,,,,,,,,,,,,,,
371,1658,2,0,,,,,,,,,,,,,,,,,,
372,1665,4,0,,,,,,,,,,,,,,,,,,
373,1668,1,0,,,,,,,,,,,,,,,,,,
374,1670,0,1,,,,,,,,,,,,,,,,,,
375,1671,0,1,,,,,,,,,,,,,,,,,,
376,1672,0,1,,,,,,,,,,,,,,,,,,
377,1673,5,1,,,,,,,,,,,,,,,,,,
378,1674,0,1,,,,,,,,,,,,,,,,,,
379,1675,0,1,,,,,,,,,,,,,,,,,,
380,1676,0,1,,,,,,,,,,,,,,,,,,
381,1677,0,1,,,,,,,,,,,,,,,,,,
382,1678,0,1,,,,,,,,,,,,,,,,,,
383,1679,2,1,,,,,,,,,,,,,,,,,,
384,1680,0,1,,,,,,,,,,,,,,,,,,
385,1681,0,1,,,,,,,,,,,,,,,,,,
386,1682,0,1,,,,,,,,,,,,,,,,,,
387,1684,0,1,,,,,,,,,,,,,,,,,,
388,1685,0,1,,,,,,,,,,,,,,,,,,
389,1686,0,8,,,,,,,,,,,,,,,,,,
390,1687,0,7,,,,,,,,,,,,,,,,,,
391,1688,0,8,,,,,,,,,,,,,,,,,,
392,1689,0,8,,,,,,,,,,,,,,,,,,
393,1690,0,7,,,,,,,,,,,,,,,,,,
394,1691,0,5,,,,,,,,,,,,,,,,,,
395,1692,0,6,,,,,,,,,,,,,,,,,,
396,1693,0,5,,,,,,,,,,,,,,,,,,
397,1694,0,4,,,,,,,,,,,,,,,,,,
398,1696,0,2,,,,,,,,,,,,,,,,,,
399,1697,3,1,,,,,,,,,,,,,,,,,,
400,1698,0,2,,,,,,,,,,,,,,,,,,
401,1699,0,3,,,,,,,,,,,,,,,,,,
402,1812,2,0,,,,,,,,,,,,,,,,,,
403,1824,0,2,,,,,,,,,,,,,,,,,,
404,1825,1,3,,,,,,,,,,,,,,,,,,
405,1826,0,2,,,,,,,,,,,,,,,,,,
406,1827,2,0,,,,,,,,,,,,,,,,,,
407,1833,0,2,,,,,,,,,,,,,,,,,,
408,1834,0,1,,,,,,,,,,,,,,,,,,
409,1835,0,1,,,,,,,,,,,,,,,,,,
410,1836,2,1,,,,,,,,,,,,,,,,,,
411,1837,0,1,,,,,,,,,,,,,,,,,,
412,1838,0,1,,,,,,,,,,,,,,,,,,
413,1841,0,2,,,,,,,,,,,,,,,,,,
414,1842,0,2,,,,,,,,,,,,,,,,,,
415,1843,4,3,,,,,,,,,,,,,,,,,,
416,1844,0,5,,,,,,,,,,,,,,,,,,
417,1845,0,2,,,,,,,,,,,,,,,,,,
418,1846,0,3,,,,,,,,,,,,,,,,,,
419,1847,0,6,,,,,,,,,,,,,,,,,,
420,1848,8,6,,,,,,,,,,,,,,,,,,
421,1849,0,7,,,,,,,,,,,,,,,,,,
422,1850,0,7,,,,,,,,,,,,,,,,,,
423,1856,5,0,,,,,,,,,,,,,,,,,,
424,1857,0,2,,,,,,,,,,,,,,,,,,
425,1858,0,2,,,,,,,,,,,,,,,,,,
426,1859,6,5,,,,,,,,,,,,,,,,,,
427,1860,2,1,,,,,,,,,,,,,,,,,,
428,1862,3,0,,,,,,,,,,,,,,,,,,
429,1868,1,5,,,,,,,,,,,,,,,,,,
430,1869,2,7,,,,,,,,,,,,,,,,,,
431,1870,0,4,,,,,,,,,,,,,,,,,,
432,1871,0,2,,,,,,,,,,,,,,,,,,
433,1872,0,4,,,,,,,,,,,,,,,,,,
434,1873,0,3,,,,,,,,,,,,,,,,,,
435,1874,0,3,,,,,,,,,,,,,,,,,,
436,1875,0,3,,,,,,,,,,,,,,,,,,
437,1876,0,6,,,,,,,,,,,,,,,,,,
438,1877,0,3,,,,,,,,,,,,,,,,,,
439,1878,0,3,,,,,,,,,,,,,,,,,,
440,1880,0,1,,,,,,,,,,,,,,,,,,
441,1882,0,1,,,,,,,,,,,,,,,,,,
442,1883,0,2,,,,,,,,,,,,,,,,,,
443,1884,0,7,,,,,,,,,,,,,,,,,,
444,1890,0,4,,,,,,,,,,,,,,,,,,
445,1891,0,2,,,,,,,,,,,,,,,,,,
446,1896,0,5,,,,,,,,,,,,,,,,,,
447,1897,0,2,,,,,,,,,,,,,,,,,,
448,1898,0,7,,,,,,,,,,,,,,,,,,
449,2006,8,0,,,,,,,,,,,,,,,,,,
450,2010,2,1,,,,,,,,,,,,,,,,,,
451,2015,6,0,,,,,,,,,,,,,,,,,,
452,2017,0,5,,,,,,,,,,,,,,,,,,
453,2018,0,7,,,,,,,,,,,,,,,,,,
454,2019,0,7,,,,,,,,,,,,,,,,,,
455,2021,3,7,,,,,,,,,,,,,,,,,,
456,2022,1,6,,,,,,,,,,,,,,,,,,
457,2023,0,5,,,,,,,,,,,,,,,,,,
458,2024,0,7,,,,,,,,,,,,,,,,,,
459,2029,1,0,,,,,,,,,,,,,,,,,,
460,2030,4,0,,,,,,,,,,,,,,,,,,
461,2031,4,0,,,,,,,,,,,,,,,,,,
462,2037,0,1,,,,,,,,,,,,,,,,,,
463,2038,0,3,,,,,,,,,,,,,,,,,,
464,2039,0,5,,,,,,,,,,,,,,,,,,
465,2040,0,4,,,,,,,,,,,,,,,,,,
466,2041,0,5,,,,,,,,,,,,,,,,,,
467,2042,1,3,,,,,,,,,,,,,,,,,,
468,2043,0,2,,,,,,,,,,,,,,,,,,
469,2044,0,3,,,,,,,,,,,,,,,,,,
470,2045,0,2,,,,,,,,,,,,,,,,,,
471,2046,0,4,,,,,,,,,,,,,,,,,,
472,2048,6,3,,,,,,,,,,,,,,,,,,
473,2049,0,3,,,,,,,,,,,,,,,,,,
474,2050,0,7,,,,,,,,,,,,,,,,,,
475,2051,8,0,,,,,,,,,,,,,,,,,,
476,2061,0,1,,,,,,,,,,,,,,,,,,
477,2062,0,1,,,,,,,,,,,,,,,,,,
478,2066,6,0,,,,,,,,,,,,,,,,,,
479,2067,0,2,,,,,,,,,,,,,,,,,,
480,2068,4,0,,,,,,,,,,,,,,,,,,
481,2075,0,1,,,,,,,,,,,,,,,,,,
482,2076,1,0,,,,,,,,,,,,,,,,,,
483,2079,0,8,,,,,,,,,,,,,,,,,,
484,2081,7,0,,,,,,,,,,,,,,,,,,
485,2084,8,0,,,,,,,,,,,,,,,,,,
486,2086,6,0,,,,,,,,,,,,,,,,,,
487,2097,2,0,,,,,,,,,,,,,,,,,,
488,2212,5,1,,,,,,,,,,,,,,,,,,
489,2213,0,1,,,,,,,,,,,,,,,,,,
490,2221,4,0,,,,,,,,,,,,,,,,,,
491,2222,6,0,,,,,,,,,,,,,,,,,,
492,2234,0,7,,,,,,,,,,,,,,,,,,
493,2235,0,6,,,,,,,,,,,,,,,,,,
494,2236,0,7,,,,,,,,,,,,,,,,,,
495,2237,6,5,,,,,,,,,,,,,,,,,,
496,2238,7,6,,,,,,,,,,,,,,,,,,
497,2239,0,4,,,,,,,,,,,,,,,,,,
498,2240,0,3,,,,,,,,,,,,,,,,,,
499,2241,7,2,,,,,,,,,,,,,,,,,,
500,2242,0,2,,,,,,,,,,,,,,,,,,
501,2243,0,2,,,,,,,,,,,,,,,,,,
502,2244,0,7,,,,,,,,,,,,,,,,,,
503,2250,4,0,,,,,,,,,,,,,,,,,,
504,2253,0,3,,,,,,,,,,,,,,,,,,
505,2254,0,4,,,,,,,,,,,,,,,,,,
506,2255,0,2,,,,,,,,,,,,,,,,,,
507,2257,4,5,,,,,,,,,,,,,,,,,,
508,2258,5,0,,,,,,,,,,,,,,,,,,
509,2265,1,0,,,,,,,,,,,,,,,,,,
510,2270,0,3,,,,,,,,,,,,,,,,,,
511,2271,2,1,,,,,,,,,,,,,,,,,,
512,2272,6,4,,,,,,,,,,,,,,,,,,
513,2273,6,3,,,,,,,,,,,,,,,,,,
514,2274,0,2,,,,,,,,,,,,,,,,,,
515,2275,7,1,,,,,,,,,,,,,,,,,,
516,2276,0,1,,,,,,,,,,,,,,,,,,
517,2277,7,0,,,,,,,,,,,,,,,,,,
518,2279,3,0,,,,,,,,,,,,,,,,,,
519,2282,7,0,,,,,,,,,,,,,,,,,,
520,2285,3,0,,,,,,,,,,,,,,,,,,
521,2294,7,0,,,,,,,,,,,,,,,,,,
522,2404,5,0,,,,,,,,,,,,,,,,,,
523,2407,3,0,,,,,,,,,,,,,,,,,,
524,2410,0,1,,,,,,,,,,,,,,,,,,
525,2425,0,3,,,,,,,,,,,,,,,,,,
526,2429,0,2,,,,,,,,,,,,,,,,,,
527,2430,0,6,,,,,,,,,,,,,,,,,,
528,2431,4,0,,,,,,,,,,,,,,,,,,
529,2432,0,2,,,,,,,,,,,,,,,,,,
530,2433,0,7,,,,,,,,,,,,,,,,,,
531,2434,0,2,,,,,,,,,,,,,,,,,,
532,2435,0,2,,,,,,,,,,,,,,,,,,
533,2436,0,2,,,,,,,,,,,,,,,,,,
534,2437,0,2,,,,,,,,,,,,,,,,,,
535,2439,0,2,,,,,,,,,,,,,,,,,,
536,2442,0,4,,,,,,,,,,,,,,,,,,
537,2443,4,5,,,,,,,,,,,,,,,,,,
538,2444,8,4,,,,,,,,,,,,,,,,,,
539,2447,1,4,,,,,,,,,,,,,,,,,,
540,2448,3,7,,,,,,,,,,,,,,,,,,
541,2449,2,4,,,,,,,,,,,,,,,,,,
542,2450,0,8,,,,,,,,,,,,,,,,,,
543,2451,0,5,,,,,,,,,,,,,,,,,,
544,2453,0,6,,,,,,,,,,,,,,,,,,
545,2454,0,6,,,,,,,,,,,,,,,,,,
546,2456,0,6,,,,,,,,,,,,,,,,,,
547,2457,0,1,,,,,,,,,,,,,,,,,,
548,2459,0,4,,,,,,,,,,,,,,,,,,
549,2460,0,2,,,,,,,,,,,,,,,,,,
550,2461,2,1,,,,,,,,,,,,,,,,,,
551,2462,0,1,,,,,,,,,,,,,,,,,,
552,2475,4,0,,,,,,,,,,,,,,,,,,
553,2481,0,6,,,,,,,,,,,,,,,,,,
554,2482,2,8,,,,,,,,,,,,,,,,,,
555,2487,0,7,,,,,,,,,,,,,,,,,,
556,2497,7,0,,,,,,,,,,,,,,,,,,
557,2498,7,0,,,,,,,,,,,,,,,,,,
558,2499,0,3,,,,,,,,,,,,,,,,,,
559,2601,0,1,,,,,,,,,,,,,,,,,,
560,2602,0,2,,,,,,,,,,,,,,,,,,
561,2603,1,2,,,,,,,,,,,,,,,,,,
562,2604,1,2,,,,,,,,,,,,,,,,,,
563,2605,0,2,,,,,,,,,,,,,,,,,,
564,2606,0,3,,,,,,,,,,,,,,,,,,
565,2607,4,1,,,,,,,,,,,,,,,,,,
566,2608,0,1,,,,,,,,,,,,,,,,,,
567,2609,0,3,,,,,,,,,,,,,,,,,,
568,2614,0,2,,,,,,,,,,,,,,,,,,
569,2615,0,6,,,,,,,,,,,,,,,,,,
570,2616,0,2,,,,,,,,,,,,,,,,,,
571,2617,0,1,,,,,,,,,,,,,,,,,,
572,2620,0,2,,,,,,,,,,,,,,,,,,
573,2621,2,1,,,,,,,,,,,,,,,,,,
574,2622,0,1,,,,,,,,,,,,,,,,,,
575,2623,4,1,,,,,,,,,,,,,,,,,,
576,2624,0,3,,,,,,,,,,,,,,,,,,
577,2625,0,2,,,,,,,,,,,,,,,,,,
578,2626,0,1,,,,,,,,,,,,,,,,,,
579,2629,2,0,,,,,,,,,,,,,,,,,,
580,2633,2,0,,,,,,,,,,,,,,,,,,
581,2644,2,0,,,,,,,,,,,,,,,,,,
582,2646,1,0,,,,,,,,,,,,,,,,,,
583,2652,0,4,,,,,,,,,,,,,,,,,,
584,2653,1,4,,,,,,,,,,,,,,,,,,
585,2655,0,2,,,,,,,,,,,,,,,,,,
586,2656,0,1,,,,,,,,,,,,,,,,,,
587,2660,2,0,,,,,,,,,,,,,,,,,,
588,2662,2,0,,,,,,,,,,,,,,,,,,
589,2664,0,2,,,,,,,,,,,,,,,,,,
590,2665,1,2,,,,,,,,,,,,,,,,,,
591,2666,0,2,,,,,,,,,,,,,,,,,,
592,2667,0,2,,,,,,,,,,,,,,,,,,
593,2668,0,4,,,,,,,,,,,,,,,,,,
594,2669,4,0,,,,,,,,,,,,,,,,,,
595,2670,0,1,,,,,,,,,,,,,,,,,,
596,2671,0,2,,,,,,,,,,,,,,,,,,
597,2672,0,2,,,,,,,,,,,,,,,,,,
598,2675,0,5,,,,,,,,,,,,,,,,,,
599,2676,7,1,,,,,,,,,,,,,,,,,,
600,2677,0,1,,,,,,,,,,,,,,,,,,
601,2678,0,1,,,,,,,,,,,,,,,,,,
602,2679,7,2,,,,,,,,,,,,,,,,,,
603,2680,0,4,,,,,,,,,,,,,,,,,,
604,2681,0,8,,,,,,,,,,,,,,,,,,
605,2682,0,8,,,,,,,,,,,,,,,,,,
606,2683,0,8,,,,,,,,,,,,,,,,,,
607,2684,0,2,,,,,,,,,,,,,,,,,,
608,2685,0,3,,,,,,,,,,,,,,,,,,
609,2686,0,7,,,,,,,,,,,,,,,,,,
610,2687,0,7,,,,,,,,,,,,,,,,,,
611,2688,0,8,,,,,,,,,,,,,,,,,,
612,2689,0,6,,,,,,,,,,,,,,,,,,
613,2690,2,4,,,,,,,,,,,,,,,,,,
614,2691,0,5,,,,,,,,,,,,,,,,,,
615,2692,0,6,,,,,,,,,,,,,,,,,,
616,2694,0,2,,,,,,,,,,,,,,,,,,
617,2695,0,7,,,,,,,,,,,,,,,,,,
618,2696,0,7,,,,,,,,,,,,,,,,,,
619,2697,5,0,,,,,,,,,,,,,,,,,,
620,2699,0,1,,,,,,,,,,,,,,,,,,
621,2800,7,1,,,,,,,,,,,,,,,,,,
622,2801,0,2,,,,,,,,,,,,,,,,,,
623,2802,0,6,,,,,,,,,,,,,,,,,,
624,2803,0,6,,,,,,,,,,,,,,,,,,
625,2804,0,3,,,,,,,,,,,,,,,,,,
626,2805,0,3,,,,,,,,,,,,,,,,,,
627,2806,0,2,,,,,,,,,,,,,,,,,,
628,2807,0,7,,,,,,,,,,,,,,,,,,
629,2808,0,6,,,,,,,,,,,,,,,,,,
630,2809,1,5,,,,,,,,,,,,,,,,,,
631,2810,0,5,,,,,,,,,,,,,,,,,,
632,2811,8,4,,,,,,,,,,,,,,,,,,
633,2812,2,7,,,,,,,,,,,,,,,,,,
634,2813,0,1,,,,,,,,,,,,,,,,,,
635,2814,0,1,,,,,,,,,,,,,,,,,,
636,2815,0,1,,,,,,,,,,,,,,,,,,
637,2821,0,6,,,,,,,,,,,,,,,,,,
638,2822,0,2,,,,,,,,,,,,,,,,,,
639,2823,3,0,,,,,,,,,,,,,,,,,,
640,2824,0,1,,,,,,,,,,,,,,,,,,
641,2825,0,1,,,,,,,,,,,,,,,,,,
642,2826,0,3,,,,,,,,,,,,,,,,,,
643,2827,6,3,,,,,,,,,,,,,,,,,,
644,2828,0,3,,,,,,,,,,,,,,,,,,
645,2833,0,6,,,,,,,,,,,,,,,,,,
646,2834,0,6,,,,,,,,,,,,,,,,,,
647,2835,0,2,,,,,,,,,,,,,,,,,,
648,2836,0,5,,,,,,,,,,,,,,,,,,
649,2837,6,5,,,,,,,,,,,,,,,,,,
650,2838,0,2,,,,,,,,,,,,,,,,,,
651,2839,0,2,,,,,,,,,,,,,,,,,,
652,2842,0,3,,,,,,,,,,,,,,,,,,
653,2843,0,5,,,,,,,,,,,,,,,,,,
654,2844,1,0,,,,,,,,,,,,,,,,,,
655,2847,0,1,,,,,,,,,,,,,,,,,,
656,2848,6,3,,,,,,,,,,,,,,,,,,
657,2849,3,4,,,,,,,,,,,,,,,,,,
658,2864,0,1,,,,,,,,,,,,,,,,,,
659,2869,1,0,,,,,,,,,,,,,,,,,,
660,2875,0,2,,,,,,,,,,,,,,,,,,
661,2876,0,1,,,,,,,,,,,,,,,,,,
662,2877,0,1,,,,,,,,,,,,,,,,,,
663,2887,0,3,,,,,,,,,,,,,,,,,,
664,2888,0,2,,,,,,,,,,,,,,,,,,
665,2889,0,2,,,,,,,,,,,,,,,,,,
666,2890,0,2,,,,,,,,,,,,,,,,,,
667,2891,0,2,,,,,,,,,,,,,,,,,,
668,2892,0,3,,,,,,,,,,,,,,,,,,
669,2893,0,2,,,,,,,,,,,,,,,,,,
670,2894,0,3,,,,,,,,,,,,,,,,,,
671,2895,0,2,,,,,,,,,,,,,,,,,,
672,2896,0,1,,,,,,,,,,,,,,,,,,
673,2897,2,0,,,,,,,,,,,,,,,,,,
674,3006,1,0,,,,,,,,,,,,,,,,,,
675,3008,3,0,,,,,,,,,,,,,,,,,,
676,3010,3,0,,,,,,,,,,,,,,,,,,
677,3014,0,1,,,,,,,,,,,,,,,,,,
678,3015,0,1,,,,,,,,,,,,,,,,,,
679,3016,0,1,,,,,,,,,,,,,,,,,,
680,3018,0,1,,,,,,,,,,,,,,,,,,
681,3019,0,1,,,,,,,,,,,,,,,,,,
682,3020,0,1,,,,,,,,,,,,,,,,,,
683,3021,0,2,,,,,,,,,,,,,,,,,,
684,3022,0,2,,,,,,,,,,,,,,,,,,
685,3023,0,3,,,,,,,,,,,,,,,,,,
686,3024,0,3,,,,,,,,,,,,,,,,,,
687,3025,0,6,,,,,,,,,,,,,,,,,,
688,3026,2,4,,,,,,,,,,,,,,,,,,
689,3027,6,3,,,,,,,,,,,,,,,,,,
690,3029,0,3,,,,,,,,,,,,,,,,,,
691,3030,8,0,,,,,,,,,,,,,,,,,,
692,3031,0,6,,,,,,,,,,,,,,,,,,
693,3032,0,7,,,,,,,,,,,,,,,,,,
694,3033,0,6,,,,,,,,,,,,,,,,,,
695,3034,0,5,,,,,,,,,,,,,,,,,,
696,3035,0,3,,,,,,,,,,,,,,,,,,
697,3036,0,7,,,,,,,,,,,,,,,,,,
698,3037,0,3,,,,,,,,,,,,,,,,,,
699,3043,3,0,,,,,,,,,,,,,,,,,,
700,3046,0,3,,,,,,,,,,,,,,,,,,
701,3057,1,0,,,,,,,,,,,,,,,,,,
702,3060,1,0,,,,,,,,,,,,,,,,,,
703,3061,1,0,,,,,,,,,,,,,,,,,,
704,3070,0,5,,,,,,,,,,,,,,,,,,
705,3071,0,8,,,,,,,,,,,,,,,,,,
706,3072,0,8,,,,,,,,,,,,,,,,,,
707,3073,0,4,,,,,,,,,,,,,,,,,,
708,3074,0,8,,,,,,,,,,,,,,,,,,
709,3075,0,7,,,,,,,,,,,,,,,,,,
710,3076,0,3,,,,,,,,,,,,,,,,,,
711,3077,3,2,,,,,,,,,,,,,,,,,,
712,3078,0,2,,,,,,,,,,,,,,,,,,
713,3081,1,0,,,,,,,,,,,,,,,,,,
714,3089,3,0,,,,,,,,,,,,,,,,,,
715,3091,2,0,,,,,,,,,,,,,,,,,,
716,3099,2,0,,,,,,,,,,,,,,,,,,
717,3202,3,0,,,,,,,,,,,,,,,,,,
718,3203,0,7,,,,,,,,,,,,,,,,,,
719,3204,0,3,,,,,,,,,,,,,,,,,,
720,3207,5,2,,,,,,,,,,,,,,,,,,
721,3208,0,5,,,,,,,,,,,,,,,,,,
722,3209,0,4,,,,,,,,,,,,,,,,,,
723,3210,7,3,,,,,,,,,,,,,,,,,,
724,3211,0,8,,,,,,,,,,,,,,,,,,
725,3212,0,8,,,,,,,,,,,,,,,,,,
726,3213,0,2,,,,,,,,,,,,,,,,,,
727,3214,0,2,,,,,,,,,,,,,,,,,,
728,3215,2,3,,,,,,,,,,,,,,,,,,
729,3216,4,7,,,,,,,,,,,,,,,,,,
730,3217,4,7,,,,,,,,,,,,,,,,,,
731,3218,0,7,,,,,,,,,,,,,,,,,,
732,3230,3,0,,,,,,,,,,,,,,,,,,
733,3235,3,0,,,,,,,,,,,,,,,,,,
734,3236,2,0,,,,,,,,,,,,,,,,,,
735,3237,0,4,,,,,,,,,,,,,,,,,,
736,3238,0,4,,,,,,,,,,,,,,,,,,
737,3239,0,3,,,,,,,,,,,,,,,,,,
738,3245,1,0,,,,,,,,,,,,,,,,,,
739,3252,0,4,,,,,,,,,,,,,,,,,,
740,3253,7,5,,,,,,,,,,,,,,,,,,
741,3256,0,8,,,,,,,,,,,,,,,,,,
742,3257,0,4,,,,,,,,,,,,,,,,,,
743,3258,0,2,,,,,,,,,,,,,,,,,,
744,3259,1,0,,,,,,,,,,,,,,,,,,
745,3260,0,2,,,,,,,,,,,,,,,,,,
746,3261,0,1,,,,,,,,,,,,,,,,,,
747,3274,0,1,,,,,,,,,,,,,,,,,,
748,3275,0,1,,,,,,,,,,,,,,,,,,
749,3276,0,3,,,,,,,,,,,,,,,,,,
750,3279,0,3,,,,,,,,,,,,,,,,,,
751,3280,0,4,,,,,,,,,,,,,,,,,,
752,3281,1,2,,,,,,,,,,,,,,,,,,
753,3288,0,7,,,,,,,,,,,,,,,,,,
754,3289,8,5,,,,,,,,,,,,,,,,,,
755,3290,7,0,,,,,,,,,,,,,,,,,,
756,3293,0,3,,,,,,,,,,,,,,,,,,
757,3294,0,2,,,,,,,,,,,,,,,,,,
758,3295,2,0,,,,,,,,,,,,,,,,,,
759,3296,0,7,,,,,,,,,,,,,,,,,,
760,3413,2,0,,,,,,,,,,,,,,,,,,
761,3414,4,0,,,,,,,,,,,,,,,,,,
762,3427,2,0,,,,,,,,,,,,,,,,,,
763,3438,0,1,,,,,,,,,,,,,,,,,,
764,3439,0,1,,,,,,,,,,,,,,,,,,
765,3440,0,1,,,,,,,,,,,,,,,,,,
766,3441,0,1,,,,,,,,,,,,,,,,,,
767,3443,0,1,,,,,,,,,,,,,,,,,,
768,3444,2,1,,,,,,,,,,,,,,,,,,
769,3445,2,1,,,,,,,,,,,,,,,,,,
770,3446,0,1,,,,,,,,,,,,,,,,,,
771,3447,0,1,,,,,,,,,,,,,,,,,,
772,3448,0,1,,,,,,,,,,,,,,,,,,
773,3453,0,6,,,,,,,,,,,,,,,,,,
774,3454,0,7,,,,,,,,,,,,,,,,,,
775,3455,4,6,,,,,,,,,,,,,,,,,,
776,3456,0,7,,,,,,,,,,,,,,,,,,
777,3457,0,3,,,,,,,,,,,,,,,,,,
778,3458,0,2,,,,,,,,,,,,,,,,,,
779,3459,0,1,,,,,,,,,,,,,,,,,,
780,3460,0,2,,,,,,,,,,,,,,,,,,
781,3461,0,3,,,,,,,,,,,,,,,,,,
782,3462,0,3,,,,,,,,,,,,,,,,,,
783,3464,2,3,,,,,,,,,,,,,,,,,,
784,3465,0,3,,,,,,,,,,,,,,,,,,
785,3466,0,2,,,,,,,,,,,,,,,,,,
786,3471,0,1,,,,,,,,,,,,,,,,,,
787,3472,0,1,,,,,,,,,,,,,,,,,,
788,3481,0,1,,,,,,,,,,,,,,,,,,
789,3482,0,1,,,,,,,,,,,,,,,,,,
790,3483,0,1,,,,,,,,,,,,,,,,,,
791,3484,5,0,,,,,,,,,,,,,,,,,,
792,3485,2,0,,,,,,,,,,,,,,,,,,
793,3488,7,0,,,,,,,,,,,,,,,,,,
794,3490,7,0,,,,,,,,,,,,,,,,,,
795,3491,0,1,,,,,,,,,,,,,,,,,,
796,3492,0,2,,,,,,,,,,,,,,,,,,
797,3493,7,5,,,,,,,,,,,,,,,,,,
798,3494,4,1,,,,,,,,,,,,,,,,,,
799,3495,0,1,,,,,,,,,,,,,,,,,,
800,3496,0,1,,,,,,,,,,,,,,,,,,
801,3497,1,4,,,,,,,,,,,,,,,,,,
802,3498,0,2,,,,,,,,,,,,,,,,,,
803,3499,0,2,,,,,,,,,,,,,,,,,,
804,3606,8,0,,,,,,,,,,,,,,,,,,
805,3623,0,1,,,,,,,,,,,,,,,,,,
806,3624,0,1,,,,,,,,,,,,,,,,,,
807,3625,0,2,,,,,,,,,,,,,,,,,,
808,3626,0,2,,,,,,,,,,,,,,,,,,
809,3627,0,2,,,,,,,,,,,,,,,,,,
810,3628,0,2,,,,,,,,,,,,,,,,,,
811,3629,0,2,,,,,,,,,,,,,,,,,,
812,3630,0,1,,,,,,,,,,,,,,,,,,
813,3631,0,1,,,,,,,,,,,,,,,,,,
814,3635,1,0,,,,,,,,,,,,,,,,,,
815,3636,7,3,,,,,,,,,,,,,,,,,,
816,3641,2,0,,,,,,,,,,,,,,,,,,
817,3644,2,0,,,,,,,,,,,,,,,,,,
818,3648,0,2,,,,,,,,,,,,,,,,,,
819,3649,2,3,,,,,,,,,,,,,,,,,,
820,3650,7,1,,,,,,,,,,,,,,,,,,
821,3662,0,1,,,,,,,,,,,,,,,,,,
822,3664,0,1,,,,,,,,,,,,,,,,,,
823,3665,2,0,,,,,,,,,,,,,,,,,,
824,3668,0,1,,,,,,,,,,,,,,,,,,
825,3669,0,4,,,,,,,,,,,,,,,,,,
826,3670,0,7,,,,,,,,,,,,,,,,,,
827,3671,0,7,,,,,,,,,,,,,,,,,,
828,3673,0,6,,,,,,,,,,,,,,,,,,
829,3674,0,6,,,,,,,,,,,,,,,,,,
830,3675,0,4,,,,,,,,,,,,,,,,,,
831,3676,0,2,,,,,,,,,,,,,,,,,,
832,3677,3,0,,,,,,,,,,,,,,,,,,
833,3678,4,0,,,,,,,,,,,,,,,,,,
834,3691,4,0,,,,,,,,,,,,,,,,,,
835,3692,2,0,,,,,,,,,,,,,,,,,,
836,3694,3,0,,,,,,,,,,,,,,,,,,
837,3695,0,2,,,,,,,,,,,,,,,,,,
838,3696,0,5,,,,,,,,,,,,,,,,,,
839,3697,0,3,,,,,,,,,,,,,,,,,,
840,3698,0,3,,,,,,,,,,,,,,,,,,
841,3800,0,2,,,,,,,,,,,,,,,,,,
842,3802,0,2,,,,,,,,,,,,,,,,,,
843,3803,0,3,,,,,,,,,,,,,,,,,,
844,3804,0,2,,,,,,,,,,,,,,,,,,
845,3815,0,2,,,,,,,,,,,,,,,,,,
846,3820,0,6,,,,,,,,,,,,,,,,,,
847,3821,0,8,,,,,,,,,,,,,,,,,,
848,3822,5,8,,,,,,,,,,,,,,,,,,
849,3824,0,5,,,,,,,,,,,,,,,,,,
850,3826,0,1,,,,,,,,,,,,,,,,,,
851,3827,0,2,,,,,,,,,,,,,,,,,,
852,3828,0,2,,,,,,,,,,,,,,,,,,
853,3829,0,2,,,,,,,,,,,,,,,,,,
854,3830,0,1,,,,,,,,,,,,,,,,,,
855,3831,6,2,,,,,,,,,,,,,,,,,,
856,3832,6,2,,,,,,,,,,,,,,,,,,
857,3833,6,4,,,,,,,,,,,,,,,,,,
858,3834,0,2,,,,,,,,,,,,,,,,,,
859,3835,2,1,,,,,,,,,,,,,,,,,,
860,3846,0,2,,,,,,,,,,,,,,,,,,
861,3847,0,4,,,,,,,,,,,,,,,,,,
862,3848,0,4,,,,,,,,,,,,,,,,,,
863,3849,0,5,,,,,,,,,,,,,,,,,,
864,3850,0,6,,,,,,,,,,,,,,,,,,
865,3851,0,5,,,,,,,,,,,,,,,,,,
866,3852,6,7,,,,,,,,,,,,,,,,,,
867,3853,2,7,,,,,,,,,,,,,,,,,,
868,3864,2,0,,,,,,,,,,,,,,,,,,
869,3867,0,2,,,,,,,,,,,,,,,,,,
870,3869,0,1,,,,,,,,,,,,,,,,,,
871,3870,0,5,,,,,,,,,,,,,,,,,,
872,3871,0,8,,,,,,,,,,,,,,,,,,
873,3877,0,1,,,,,,,,,,,,,,,,,,
874,3878,0,1,,,,,,,,,,,,,,,,,,
875,3879,0,1,,,,,,,,,,,,,,,,,,
876,3880,0,4,,,,,,,,,,,,,,,,,,
877,3881,0,4,,,,,,,,,,,,,,,,,,
878,3882,0,3,,,,,,,,,,,,,,,,,,
879,3886,0,4,,,,,,,,,,,,,,,,,,
880,3887,0,1,,,,,,,,,,,,,,,,,,
881,3888,0,2,,,,,,,,,,,,,,,,,,
882,3890,0,2,,,,,,,,,,,,,,,,,,
883,3891,6,2,,,,,,,,,,,,,,,,,,
884,4002,1,0,,,,,,,,,,,,,,,,,,
885,4003,1,0,,,,,,,,,,,,,,,,,,
886,4005,0,1,,,,,,,,,,,,,,,,,,
887,4010,8,0,,,,,,,,,,,,,,,,,,
888,4014,1,0,,,,,,,,,,,,,,,,,,
889,4016,0,2,,,,,,,,,,,,,,,,,,
890,4017,0,7,,,,,,,,,,,,,,,,,,
891,4020,2,0,,,,,,,,,,,,,,,,,,
892,4021,2,0,,,,,,,,,,,,,,,,,,
893,4023,2,0,,,,,,,,,,,,,,,,,,
894,4026,4,3,,,,,,,,,,,,,,,,,,
895,4027,0,2,,,,,,,,,,,,,,,,,,
896,4028,5,2,,,,,,,,,,,,,,,,,,
897,4029,4,0,,,,,,,,,,,,,,,,,,
898,4041,0,1,,,,,,,,,,,,,,,,,,
899,4042,0,1,,,,,,,,,,,,,,,,,,
900,4043,0,2,,,,,,,,,,,,,,,,,,
901,4044,0,6,,,,,,,,,,,,,,,,,,
902,4045,0,5,,,,,,,,,,,,,,,,,,
903,4046,8,0,,,,,,,,,,,,,,,,,,
904,4070,0,6,,,,,,,,,,,,,,,,,,
905,4077,0,1,,,,,,,,,,,,,,,,,,
906,4078,0,2,,,,,,,,,,,,,,,,,,
907,4081,0,2,,,,,,,,,,,,,,,,,,
908,4082,0,5,,,,,,,,,,,,,,,,,,
909,4083,0,5,,,,,,,,,,,,,,,,,,
910,4084,0,5,,,,,,,,,,,,,,,,,,
911,4088,0,1,,,,,,,,,,,,,,,,,,
912,4200,0,1,,,,,,,,,,,,,,,,,,
913,4206,4,0,,,,,,,,,,,,,,,,,,
914,4208,0,1,,,,,,,,,,,,,,,,,,
915,4209,0,1,,,,,,,,,,,,,,,,,,
916,4210,4,6,,,,,,,,,,,,,,,,,,
917,4211,0,6,,,,,,,,,,,,,,,,,,
918,4216,0,7,,,,,,,,,,,,,,,,,,
919,4217,2,1,,,,,,,,,,,,,,,,,,
920,4220,0,1,,,,,,,,,,,,,,,,,,
921,4221,0,1,,,,,,,,,,,,,,,,,,
922,4222,0,3,,,,,,,,,,,,,,,,,,
923,4223,0,7,,,,,,,,,,,,,,,,,,
924,4224,0,7,,,,,,,,,,,,,,,,,,
925,4225,0,8,,,,,,,,,,,,,,,,,,
926,4226,0,7,,,,,,,,,,,,,,,,,,
927,4227,6,7,,,,,,,,,,,,,,,,,,
928,4228,6,7,,,,,,,,,,,,,,,,,,
929,4229,0,8,,,,,,,,,,,,,,,,,,
930,4230,0,8,,,,,,,,,,,,,,,,,,
931,4231,0,7,,,,,,,,,,,,,,,,,,
932,4232,4,8,,,,,,,,,,,,,,,,,,
933,4233,8,4,,,,,,,,,,,,,,,,,,
934,4234,4,5,,,,,,,,,,,,,,,,,,
935,4235,0,4,,,,,,,,,,,,,,,,,,
936,4236,5,4,,,,,,,,,,,,,,,,,,
937,4237,0,4,,,,,,,,,,,,,,,,,,
938,4238,2,4,,,,,,,,,,,,,,,,,,
939,4239,7,0,,,,,,,,,,,,,,,,,,
940,4241,2,0,,,,,,,,,,,,,,,,,,
941,4246,3,0,,,,,,,,,,,,,,,,,,
942,4247,3,0,,,,,,,,,,,,,,,,,,
943,4249,3,0,,,,,,,,,,,,,,,,,,
944,4254,0,6,,,,,,,,,,,,,,,,,,
945,4255,3,0,,,,,,,,,,,,,,,,,,
946,4256,0,1,,,,,,,,,,,,,,,,,,
947,4257,0,1,,,,,,,,,,,,,,,,,,
948,4258,0,2,,,,,,,,,,,,,,,,,,
949,4259,0,4,,,,,,,,,,,,,,,,,,
950,4260,0,7,,,,,,,,,,,,,,,,,,
951,4261,0,8,,,,,,,,,,,,,,,,,,
952,4262,0,8,,,,,,,,,,,,,,,,,,
953,4263,0,7,,,,,,,,,,,,,,,,,,
954,4264,5,7,,,,,,,,,,,,,,,,,,
955,4265,5,7,,,,,,,,,,,,,,,,,,
956,4267,0,1,,,,,,,,,,,,,,,,,,
957,4270,0,2,,,,,,,,,,,,,,,,,,
958,4282,0,3,,,,,,,,,,,,,,,,,,
959,4283,4,2,,,,,,,,,,,,,,,,,,
960,4284,0,2,,,,,,,,,,,,,,,,,,
961,4285,0,2,,,,,,,,,,,,,,,,,,
962,4286,0,1,,,,,,,,,,,,,,,,,,
963,4287,0,2,,,,,,,,,,,,,,,,,,
964,4289,7,4,,,,,,,,,,,,,,,,,,
965,4290,7,3,,,,,,,,,,,,,,,,,,
966,4291,7,6,,,,,,,,,,,,,,,,,,
967,4298,1,0,,,,,,,,,,,,,,,,,,
968,4405,0,8,,,,,,,,,,,,,,,,,,
969,4409,0,4,,,,,,,,,,,,,,,,,,
970,4423,3,0,,,,,,,,,,,,,,,,,,
971,4424,3,0,,,,,,,,,,,,,,,,,,
972,4425,0,5,,,,,,,,,,,,,,,,,,
973,4426,0,5,,,,,,,,,,,,,,,,,,
974,4427,5,4,,,,,,,,,,,,,,,,,,
975,4428,0,4,,,,,,,,,,,,,,,,,,
976,4429,0,3,,,,,,,,,,,,,,,,,,
977,4430,0,2,,,,,,,,,,,,,,,,,,
978,4434,0,3,,,,,,,,,,,,,,,,,,
979,4435,3,0,,,,,,,,,,,,,,,,,,
980,4436,3,0,,,,,,,,,,,,,,,,,,
981,4437,3,0,,,,,,,,,,,,,,,,,,
982,4441,0,1,,,,,,,,,,,,,,,,,,
983,4442,0,1,,,,,,,,,,,,,,,,,,
984,4444,0,1,,,,,,,,,,,,,,,,,,
985,4445,0,1,,,,,,,,,,,,,,,,,,
986,4446,0,1,,,,,,,,,,,,,,,,,,
987,4447,0,1,,,,,,,,,,,,,,,,,,
988,4454,3,1,,,,,,,,,,,,,,,,,,
989,4459,3,0,,,,,,,,,,,,,,,,,,
990,4469,7,0,,,,,,,,,,,,,,,,,,
991,4475,1,0,,,,,,,,,,,,,,,,,,
992,4476,7,0,,,,,,,,,,,,,,,,,,
993,4478,6,0,,,,,,,,,,,,,,,,,,
994,4480,1,0,,,,,,,,,,,,,,,,,,
995,4481,2,0,,,,,,,,,,,,,,,,,,
996,4485,1,0,,,,,,,,,,,,,,,,,,
997,4491,7,0,,,,,,,,,,,,,,,,,,
998,4494,4,0,,,,,,,,,,,,,,,,,,
999,4496,0,6,,,,,,,,,,,,,,,,,,
1000,4605,8,0,,,,,,,,,,,,,,,,,,
1001,4611,5,0,,,,,,,,,,,,,,,,,,
1002,4622,6,0,,,,,,,,,,,,,,,,,,
1003,4639,5,0,,,,,,,,,,,,,,,,,,
1004,4645,6,0,,,,,,,,,,,,,,,,,,
1005,4647,8,0,,,,,,,,,,,,,,,,,,
1006,4666,2,0,,,,,,,,,,,,,,,,,,
1007,4669,7,0,,,,,,,,,,,,,,,,,,
1008,4683,1,0,,,,,,,,,,,,,,,,,,
1009,4686,1,0,,,,,,,,,,,,,,,,,,
1010,4690,1,0,,,,,,,,,,,,,,,,,,
1011,4801,6,0,,,,,,,,,,,,,,,,,,
1012,4808,2,0,,,,,,,,,,,,,,,,,,
1013,4814,5,0,,,,,,,,,,,,,,,,,,
1014,4815,2,0,,,,,,,,,,,,,,,,,,
1015,4825,7,0,,,,,,,,,,,,,,,,,,
1016,4831,6,0,,,,,,,,,,,,,,,,,,
1017,4839,2,0,,,,,,,,,,,,,,,,,,
1018,4846,4,0,,,,,,,,,,,,,,,,,,
1019,4850,4,0,,,,,,,,,,,,,,,,,,
1020,4854,1,0,,,,,,,,,,,,,,,,,,
1021,4855,6,0,,,,,,,,,,,,,,,,,,
1022,4857,7,0,,,,,,,,,,,,,,,,,,
1023,4866,5,0,,,,,,,,,,,,,,,,,,
1024,4881,2,0,,,,,,,,,,,,,,,,,,
1025,4883,4,0,,,,,,,,,,,,,,,,,,
1026,4888,5,0,,,,,,,,,,,,,,,,,,
1027,4891,5,0,,,,,,,,,,,,,,,,,,
1028,4897,6,0,,,,,,,,,,,,,,,,,,
1029,5002,3,0,,,,,,,,,,,,,,,,,,
1030,5003,3,0,,,,,,,,,,,,,,,,,,
1031,5010,1,0,,,,,,,,,,,,,,,,,,
1032,5021,7,0,,,,,,,,,,,,,,,,,,
1033,5048,6,0,,,,,,,,,,,,,,,,,,
1034,5052,2,0,,,,,,,,,,,,,,,,,,
1035,5055,3,0,,,,,,,,,,,,,,,,,,
1036,5058,1,0,,,,,,,,,,,,,,,,,,
1037,5062,6,0,,,,,,,,,,,,,,,,,,
1038,5067,5,0,,,,,,,,,,,,,,,,,,
1039,5068,1,0,,,,,,,,,,,,,,,,,,
1040,5069,2,0,,,,,,,,,,,,,,,,,,
1041,5077,2,0,,,,,,,,,,,,,,,,,,
1042,5078,5,0,,,,,,,,,,,,,,,,,,
1043,5079,1,0,,,,,,,,,,,,,,,,,,
1044,5081,3,0,,,,,,,,,,,,,,,,,,
1045,5097,7,0,,,,,,,,,,,,,,,,,,
1046,5209,3,0,,,,,,,,,,,,,,,,,,
1047,5218,5,0,,,,,,,,,,,,,,,,,,
1048,5230,2,0,,,,,,,,,,,,,,,,,,
1049,5249,1,0,,,,,,,,,,,,,,,,,,
1050,5250,2,0,,,,,,,,,,,,,,,,,,
1051,5254,2,0,,,,,,,,,,,,,,,,,,
1052,5255,5,0,,,,,,,,,,,,,,,,,,
1053,5261,1,0,,,,,,,,,,,,,,,,,,
1054,5263,3,0,,,,,,,,,,,,,,,,,,
1055,5264,2,0,,,,,,,,,,,,,,,,,,
1056,5269,6,0,,,,,,,,,,,,,,,,,,
1057,5273,3,0,,,,,,,,,,,,,,,,,,
1058,5278,1,0,,,,,,,,,,,,,,,,,,
1059,5297,4,0,,,,,,,,,,,,,,,,,,
1060,5299,2,0,,,,,,,,,,,,,,,,,,
1061,5408,8,0,,,,,,,,,,,,,,,,,,
1062,5409,2,0,,,,,,,,,,,,,,,,,,
1063,5418,5,0,,,,,,,,,,,,,,,,,,
1064,5427,8,0,,,,,,,,,,,,,,,,,,
1065,5431,6,0,,,,,,,,,,,,,,,,,,
1066,5432,6,0,,,,,,,,,,,,,,,,,,
1067,5438,7,0,,,,,,,,,,,,,,,,,,
1068,5441,3,0,,,,,,,,,,,,,,,,,,
1069,5442,2,0,,,,,,,,,,,,,,,,,,
1070,5447,6,0,,,,,,,,,,,,,,,,,,
1071,5448,7,0,,,,,,,,,,,,,,,,,,
1072,5465,2,0,,,,,,,,,,,,,,,,,,
1073,5473,2,0,,,,,,,,,,,,,,,,,,
1074,5476,6,0,,,,,,,,,,,,,,,,,,
1075,5484,4,0,,,,,,,,,,,,,,,,,,
1076,5491,1,0,,,,,,,,,,,,,,,,,,
1077,5492,5,0,,,,,,,,,,,,,,,,,,
1078,5494,3,0,,,,,,,,,,,,,,,,,,
1079,5603,1,0,,,,,,,,,,,,,,,,,,
1080,5618,4,0,,,,,,,,,,,,,,,,,,
1081,5622,1,0,,,,,,,,,,,,,,,,,,
1082,5626,1,0,,,,,,,,,,,,,,,,,,
1083,5627,2,0,,,,,,,,,,,,,,,,,,
1084,5628,7,0,,,,,,,,,,,,,,,,,,
1085,5631,4,0,,,,,,,,,,,,,,,,,,
1086,5633,6,0,,,,,,,,,,,,,,,,,,
1087,5635,8,0,,,,,,,,,,,,,,,,,,
1088,5637,2,0,,,,,,,,,,,,,,,,,,
1089,5643,4,0,,,,,,,,,,,,,,,,,,
1090,5644,2,0,,,,,,,,,,,,,,,,,,
1091,5646,4,0,,,,,,,,,,,,,,,,,,
1092,5651,7,0,,,,,,,,,,,,,,,,,,
1093,5666,7,0,,,,,,,,,,,,,,,,,,
1094,5669,2,0,,,,,,,,,,,,,,,,,,
1095,5671,7,0,,,,,,,,,,,,,,,,,,
1096,5677,4,0,,,,,,,,,,,,,,,,,,
1097,5680,4,0,,,,,,,,,,,,,,,,,,
1098,5688,6,0,,,,,,,,,,,,,,,,,,
1099,5692,7,0,,,,,,,,,,,,,,,,,,
1100,5696,6,0,,,,,,,,,,,,,,,,,,
1101,5805,2,0,,,,,,,,,,,,,,,,,,
1102,5811,6,0,,,,,,,,,,,,,,,,,,
1103,5813,2,0,,,,,,,,,,,,,,,,,,
1104,5814,1,0,,,,,,,,,,,,,,,,,,
1105,5822,8,0,,,,,,,,,,,,,,,,,,
1106,5824,4,0,,,,,,,,,,,,,,,,,,
1107,5826,4,0,,,,,,,,,,,,,,,,,,
1108,5832,1,0,,,,,,,,,,,,,,,,,,
1109,5843,4,0,,,,,,,,,,,,,,,,,,
1110,5847,7,0,,,,,,,,,,,,,,,,,,
1111,5848,3,0,,,,,,,,,,,,,,,,,,
1112,5852,1,0,,,,,,,,,,,,,,,,,,
1113,5867,4,0,,,,,,,,,,,,,,,,,,
1114,5873,7,0,,,,,,,,,,,,,,,,,,
1115,5878,7,0,,,,,,,,,,,,,,,,,,
1116,5883,2,0,,,,,,,,,,,,,,,,,,
1117,5886,3,0,,,,,,,,,,,,,,,,,,
1118,5890,2,0,,,,,,,,,,,,,,,,,,
1119,5891,6,0,,,,,,,,,,,,,,,,,,
1120,5892,3,0,,,,,,,,,,,,,,,,,,
1121,5894,3,0,,,,,,,,,,,,,,,,,,
1122,6001,7,0,,,,,,,,,,,,,,,,,,
1123,6002,2,0,,,,,,,,,,,,,,,,,,
1124,6004,6,0,,,,,,,,,,,,,,,,,,
1125,6006,5,0,,,,,,,,,,,,,,,,,,
1126,6009,3,0,,,,,,,,,,,,,,,,,,
1127,6011,7,0,,,,,,,,,,,,,,,,,,
1128,6013,2,0,,,,,,,,,,,,,,,,,,
1129,6017,2,0,,,,,,,,,,,,,,,,,,
1130,6020,7,0,,,,,,,,,,,,,,,,,,
1131,6022,6,0,,,,,,,,,,,,,,,,,,
1132,6028,4,0,,,,,,,,,,,,,,,,,,
1133,6029,2,0,,,,,,,,,,,,,,,,,,
1134,6032,8,0,,,,,,,,,,,,,,,,,,
1135,6033,5,0,,,,,,,,,,,,,,,,,,
1136,6039,6,0,,,,,,,,,,,,,,,,,,
1137,6057,1,0,,,,,,,,,,,,,,,,,,
1138,6058,7,0,,,,,,,,,,,,,,,,,,
1139,6059,4,0,,,,,,,,,,,,,,,,,,
1140,6061,2,0,,,,,,,,,,,,,,,,,,
1141,6203,7,0,,,,,,,,,,,,,,,,,,
1142,6205,5,0,,,,,,,,,,,,,,,,,,
1143,6209,6,0,,,,,,,,,,,,,,,,,,
1144,6211,1,0,,,,,,,,,,,,,,,,,,
1145,6224,7,0,,,,,,,,,,,,,,,,,,
1146,6227,2,0,,,,,,,,,,,,,,,,,,
1147,6228,2,0,,,,,,,,,,,,,,,,,,
1148,6249,6,0,,,,,,,,,,,,,,,,,,
1149,6251,2,0,,,,,,,,,,,,,,,,,,
1150,6252,7,0,,,,,,,,,,,,,,,,,,
1151,6253,6,0,,,,,,,,,,,,,,,,,,
1152,6259,5,0,,,,,,,,,,,,,,,,,,
1153,6262,8,0,,,,,,,,,,,,,,,,,,
1154,6263,8,0,,,,,,,,,,,,,,,,,,
1155,6266,4,0,,,,,,,,,,,,,,,,,,
1156,6267,3,0,,,,,,,,,,,,,,,,,,
1157,6269,6,0,,,,,,,,,,,,,,,,,,
1158,6271,1,0,,,,,,,,,,,,,,,,,,
1159,6275,2,0,,,,,,,,,,,,,,,,,,
1160,6276,8,0,,,,,,,,,,,,,,,,,,
1161,6277,2,0,,,,,,,,,,,,,,,,,,
1162,6283,6,0,,,,,,,,,,,,,,,,,,
1163,6284,2,0,,,,,,,,,,,,,,,,,,
1164,6401,5,0,,,,,,,,,,,,,,,,,,
1165,6402,2,0,,,,,,,,,,,,,,,,,,
1166,6407,2,0,,,,,,,,,,,,,,,,,,
1167,6427,1,0,,,,,,,,,,,,,,,,,,
1168,6433,4,0,,,,,,,,,,,,,,,,,,
1169,6434,8,0,,,,,,,,,,,,,,,,,,
1170,6435,7,0,,,,,,,,,,,,,,,,,,
1171,6437,6,0,,,,,,,,,,,,,,,,,,
1172,6449,7,0,,,,,,,,,,,,,,,,,,
1173,6452,8,0,,,,,,,,,,,,,,,,,,
1174,6453,4,0,,,,,,,,,,,,,,,,,,
1175,6455,6,0,,,,,,,,,,,,,,,,,,
1176,6466,4,0,,,,,,,,,,,,,,,,,,
1177,6467,7,0,,,,,,,,,,,,,,,,,,
1178,6476,3,0,,,,,,,,,,,,,,,,,,
1179,6489,3,0,,,,,,,,,,,,,,,,,,
1180,6490,7,0,,,,,,,,,,,,,,,,,,
1181,6498,2,0,,,,,,,,,,,,,,,,,,
1182,6605,7,0,,,,,,,,,,,,,,,,,,
1183,6608,2,0,,,,,,,,,,,,,,,,,,
1184,6609,2,0,,,,,,,,,,,,,,,,,,
1185,6622,8,0,,,,,,,,,,,,,,,,,,
1186,6632,3,0,,,,,,,,,,,,,,,,,,
1187,6648,2,0,,,,,,,,,,,,,,,,,,
1188,6657,4,0,,,,,,,,,,,,,,,,,,
1189,6661,1,0,,,,,,,,,,,,,,,,,,
1190,6668,4,0,,,,,,,,,,,,,,,,,,
1191,6677,2,0,,,,,,,,,,,,,,,,,,
1192,6690,5,0,,,,,,,,,,,,,,,,,,
1193,6843,8,0,,,,,,,,,,,,,,,,,,
1194,6865,2,0,,,,,,,,,,,,,,,,,,
1195,7094,7,0,,,,,,,,,,,,,,,,,,
1196,7260,2,0,,,,,,,,,,,,,,,,,,
1197,7401,6,0,,,,,,,,,,,,,,,,,,
1198,7402,6,0,,,,,,,,,,,,,,,,,,
1199,7403,2,0,,,,,,,,,,,,,,,,,,
1200,7412,3,0,,,,,,,,,,,,,,,,,,
1201,7415,2,0,,,,,,,,,,,,,,,,,,
1202,7619,7,0,,,,,,,,,,,,,,,,,,
1203,7622,4,0,,,,,,,,,,,,,,,,,,
1204,7629,2,0,,,,,,,,,,,,,,,,,,
1205,7631,8,0,,,,,,,,,,,,,,,,,,
1206,7632,8,0,,,,,,,,,,,,,,,,,,
1207,7663,6,0,,,,,,,,,,,,,,,,,,
1208,7806,8,0,,,,,,,,,,,,,,,,,,
1209,7807,8,0,,,,,,,,,,,,,,,,,,
1210,7861,6,0,,,,,,,,,,,,,,,,,,
1211,7867,8,0,,,,,,,,,,,,,,,,,,
1212,8016,8,0,,,,,,,,,,,,,,,,,,
1213,8017,8,0,,,,,,,,,,,,,,,,,,
1214,8022,6,0,,,,,,,,,,,,,,,,,,
1215,8097,7,0,,,,,,,,,,,,,,,,,,
1216,8212,4,0,,,,,,,,,,,,,,,,,,
1217,8245,2,0,,,,,,,,,,,,,,,,,,
1218,8247,7,0,,,,,,,,,,,,,,,,,,
1219,8266,2,0,,,,,,,,,,,,,,,,,,
1220,8290,4,0,,,,,,,,,,,,,,,,,,
1221,8427,7,0,,,,,,,,,,,,,,,,,,
1222,8443,6,0,,,,,,,,,,,,,,,,,,
1223,8487,7,0,,,,,,,,,,,,,,,,,,
1224,8493,1,0,,,,,,,,,,,,,,,,,,
1225,8660,7,0,,,,,,,,,,,,,,,,,,
1226,8665,2,0,,,,,,,,,,,,,,,,,,
1227,8686,2,0,,,,,,,,,,,,,,,,,,
1228,9023,5,0,,,,,,,,,,,,,,,,,,
1229,9214,1,0,,,,,,,,,,,,,,,,,,
1230,9234,8,0,,,,,,,,,,,,,,,,,,
1231,9243,2,0,,,,,,,,,,,,,,,,,,
1232,9261,2,0,,,,,,,,,,,,,,,,,,
1233,9267,4,0,,,,,,,,,,,,,,,,,,
1234,9268,4,0,,,,,,,,,,,,,,,,,,
1235,9404,7,0,,,,,,,,,,,,,,,,,,
1236,9444,8,0,,,,,,,,,,,,,,,,,,
1237,9446,6,0,,,,,,,,,,,,,,,,,,
1238,9448,6,0,,,,,,,,,,,,,,,,,,
1239,9619,3,0,,,,,,,,,,,,,,,,,,
1240,9634,4,0,,,,,,,,,,,,,,,,,,
1241,9636,7,0,,,,,,,,,,,,,,,,,,
1242,10002,6,0,,,,,,,,,,,,,,,,,,
1243,10011,1,0,,,,,,,,,,,,,,,,,,
1244,10013,2,0,,,,,,,,,,,,,,,,,,
1245,10042,6,0,,,,,,,,,,,,,,,,,,
1246,10230,6,0,,,,,,,,,,,,,,,,,,
1247,10231,4,0,,,,,,,,,,,,,,,,,,
1248,10267,8,0,,,,,,,,,,,,,,,,,,
1249,10285,2,0,,,,,,,,,,,,,,,,,,
1250,10286,2,0,,,,,,,,,,,,,,,,,,
1251,10425,8,0,,,,,,,,,,,,,,,,,,
1252,10426,7,0,,,,,,,,,,,,,,,,,,
1253,10428,4,0,,,,,,,,,,,,,,,,,,
1254,10489,4,0,,,,,,,,,,,,,,,,,,
1255,10496,2,0,,,,,,,,,,,,,,,,,,
1256,10610,4,0,,,,,,,,,,,,,,,,,,
1257,10616,7,0,,,,,,,,,,,,,,,,,,
1258,10634,7,0,,,,,,,,,,,,,,,,,,
1259,10651,8,0,,,,,,,,,,,,,,,,,,
1260,10802,2,0,,,,,,,,,,,,,,,,,,
1261,10898,8,0,,,,,,,,,,,,,,,,,,
1262,11029,5,0,,,,,,,,,,,,,,,,,,
1263,11042,8,0,,,,,,,,,,,,,,,,,,
1264,11044,7,0,,,,,,,,,,,,,,,,,,
1265,11046,4,0,,,,,,,,,,,,,,,,,,
1266,11095,6,0,,,,,,,,,,,,,,,,,,
1267,11203,6,0,,,,,,,,,,,,,,,,,,
1268,11209,3,0,,,,,,,,,,,,,,,,,,
1269,11275,5,0,,,,,,,,,,,,,,,,,,
1270,11278,8,0,,,,,,,,,,,,,,,,,,
1271,11286,7,0,,,,,,,,,,,,,,,,,,
1272,11493,8,0,,,,,,,,,,,,,,,,,,
1273,11662,8,0,,,,,,,,,,,,,,,,,,
1274,11679,8,0,,,,,,,,,,,,,,,,,,
1275,11816,6,0,,,,,,,,,,,,,,,,,,
1276,11830,1,0,,,,,,,,,,,,,,,,,,
1277,11861,6,0,,,,,,,,,,,,,,,,,,
1278,11877,8,0,,,,,,,,,,,,,,,,,,
1279,12010,6,0,,,,,,,,,,,,,,,,,,
1280,12246,7,0,,,,,,,,,,,,,,,,,,
1281,12293,4,0,,,,,,,,,,,,,,,,,,
1282,12428,7,0,,,,,,,,,,,,,,,,,,
1283,12429,6,0,,,,,,,,,,,,,,,,,,
1284,12497,2,0,,,,,,,,,,,,,,,,,,
1285,12811,7,0,,,,,,,,,,,,,,,,,,
1286,12812,7,0,,,,,,,,,,,,,,,,,,
1287,12825,2,0,,,,,,,,,,,,,,,,,,
1288,12835,5,0,,,,,,,,,,,,,,,,,,
1289,12838,8,0,,,,,,,,,,,,,,,,,,
1290,12841,5,0,,,,,,,,,,,,,,,,,,
1291,12844,5,0,,,,,,,,,,,,,,,,,,
1292,12856,2,0,,,,,,,,,,,,,,,,,,
1293,12857,5,0,,,,,,,,,,,,,,,,,,
1294,12896,8,0,,,,,,,,,,,,,,,,,,
